{"meta": {"format": 3, "version": "7.11.3", "timestamp": "2025-11-17T12:15:28.398810", "branch_coverage": false, "show_contexts": false}, "files": {"plugins/__init__.py": {"executed_lines": [1, 8], "summary": {"covered_lines": 1, "num_statements": 1, "percent_covered": 100.0, "percent_covered_display": "100", "missing_lines": 0, "excluded_lines": 0}, "missing_lines": [], "excluded_lines": [], "functions": {"": {"executed_lines": [1, 8], "summary": {"covered_lines": 1, "num_statements": 1, "percent_covered": 100.0, "percent_covered_display": "100", "missing_lines": 0, "excluded_lines": 0}, "missing_lines": [], "excluded_lines": []}}, "classes": {"": {"executed_lines": [1, 8], "summary": {"covered_lines": 1, "num_statements": 1, "percent_covered": 100.0, "percent_covered_display": "100", "missing_lines": 0, "excluded_lines": 0}, "missing_lines": [], "excluded_lines": []}}}, "plugins/github.py": {"executed_lines": [1, 8, 9, 10, 11, 13, 14, 15, 16, 17, 18, 24, 27, 28, 35, 43, 45, 46, 47, 48, 49, 51, 56, 57, 58, 59, 60, 62, 63, 64, 65, 66, 68, 69, 70, 71, 76, 78, 80, 90, 91, 92, 94, 95, 96, 98, 99, 108, 110, 111, 113, 114, 115, 117, 127, 130, 131, 133, 143, 145, 146, 147, 149, 161, 164, 165, 168, 169, 172, 173, 175, 178, 179, 182, 183, 184, 186, 187, 193, 212, 213, 214, 216, 217, 224, 225, 227, 228, 229, 231, 248, 251, 253, 265, 266, 268, 270, 281, 284, 285, 286, 287, 288, 293, 300, 301, 303, 304, 305, 307, 308, 318, 323, 325, 329, 330, 333, 335, 337, 348, 349, 350, 352, 356, 359, 367, 368, 369], "summary": {"covered_lines": 126, "num_statements": 151, "percent_covered": 83.44370860927152, "percent_covered_display": "83", "missing_lines": 25, "excluded_lines": 0}, "missing_lines": [19, 20, 21, 22, 52, 53, 54, 72, 73, 74, 128, 162, 189, 190, 191, 249, 282, 289, 290, 291, 319, 320, 321, 326, 331], "excluded_lines": [], "functions": {"GitHubPlugin.__init__": {"executed_lines": [43, 45, 46, 47, 48, 49, 51, 56, 57, 58, 59, 60, 62, 63, 64, 65, 66, 68, 69, 70, 71], "summary": {"covered_lines": 21, "num_statements": 27, "percent_covered": 77.77777777777777, "percent_covered_display": "78", "missing_lines": 6, "excluded_lines": 0}, "missing_lines": [52, 53, 54, 72, 73, 74], "excluded_lines": []}, "GitHubPlugin.is_enabled": {"executed_lines": [78], "summary": {"covered_lines": 1, "num_statements": 1, "percent_covered": 100.0, "percent_covered_display": "100", "missing_lines": 0, "excluded_lines": 0}, "missing_lines": [], "excluded_lines": []}, "GitHubPlugin.sync_issues_to_features": {"executed_lines": [90, 91, 92, 94, 95, 96, 98, 99, 108, 110, 111, 113, 114, 115], "summary": {"covered_lines": 14, "num_statements": 14, "percent_covered": 100.0, "percent_covered_display": "100", "missing_lines": 0, "excluded_lines": 0}, "missing_lines": [], "excluded_lines": []}, "GitHubPlugin.create_feature_from_issue": {"executed_lines": [127, 130, 131, 133, 143, 145, 146, 147], "summary": {"covered_lines": 8, "num_statements": 9, "percent_covered": 88.88888888888889, "percent_covered_display": "89", "missing_lines": 1, "excluded_lines": 0}, "missing_lines": [128], "excluded_lines": []}, "GitHubPlugin.update_issue_status": {"executed_lines": [161, 164, 165, 168, 169, 172, 173, 175, 178, 179, 182, 183, 184, 186, 187], "summary": {"covered_lines": 15, "num_statements": 19, "percent_covered": 78.94736842105263, "percent_covered_display": "79", "missing_lines": 4, "excluded_lines": 0}, "missing_lines": [162, 189, 190, 191], "excluded_lines": []}, "GitHubPlugin.create_pr": {"executed_lines": [212, 213, 214, 216, 217, 224, 225, 227, 228, 229], "summary": {"covered_lines": 10, "num_statements": 10, "percent_covered": 100.0, "percent_covered_display": "100", "missing_lines": 0, "excluded_lines": 0}, "missing_lines": [], "excluded_lines": []}, "GitHubPlugin.create_pr_from_feature": {"executed_lines": [248, 251, 253, 265, 266, 268], "summary": {"covered_lines": 6, "num_statements": 7, "percent_covered": 85.71428571428571, "percent_covered_display": "86", "missing_lines": 1, "excluded_lines": 0}, "missing_lines": [249], "excluded_lines": []}, "GitHubPlugin.add_pr_comment": {"executed_lines": [281, 284, 285, 286, 287, 288], "summary": {"covered_lines": 6, "num_statements": 10, "percent_covered": 60.0, "percent_covered_display": "60", "missing_lines": 4, "excluded_lines": 0}, "missing_lines": [282, 289, 290, 291], "excluded_lines": []}, "GitHubPlugin.get_open_prs": {"executed_lines": [300, 301, 303, 304, 305, 307, 308, 318], "summary": {"covered_lines": 8, "num_statements": 11, "percent_covered": 72.72727272727273, "percent_covered_display": "73", "missing_lines": 3, "excluded_lines": 0}, "missing_lines": [319, 320, 321], "excluded_lines": []}, "GitHubPlugin._map_issue_state": {"executed_lines": [325, 329, 330, 333], "summary": {"covered_lines": 4, "num_statements": 6, "percent_covered": 66.66666666666667, "percent_covered_display": "67", "missing_lines": 2, "excluded_lines": 0}, "missing_lines": [326, 331], "excluded_lines": []}, "GitHubPlugin._extract_priority": {"executed_lines": [337, 348, 349, 350, 352], "summary": {"covered_lines": 5, "num_statements": 5, "percent_covered": 100.0, "percent_covered_display": "100", "missing_lines": 0, "excluded_lines": 0}, "missing_lines": [], "excluded_lines": []}, "get_github_plugin": {"executed_lines": [367, 368, 369], "summary": {"covered_lines": 3, "num_statements": 3, "percent_covered": 100.0, "percent_covered_display": "100", "missing_lines": 0, "excluded_lines": 0}, "missing_lines": [], "excluded_lines": []}, "": {"executed_lines": [1, 8, 9, 10, 11, 13, 14, 15, 16, 17, 18, 24, 27, 28, 35, 76, 80, 117, 149, 193, 231, 270, 293, 323, 335, 356, 359], "summary": {"covered_lines": 25, "num_statements": 29, "percent_covered": 86.20689655172414, "percent_covered_display": "86", "missing_lines": 4, "excluded_lines": 0}, "missing_lines": [19, 20, 21, 22], "excluded_lines": []}}, "classes": {"GitHubPlugin": {"executed_lines": [43, 45, 46, 47, 48, 49, 51, 56, 57, 58, 59, 60, 62, 63, 64, 65, 66, 68, 69, 70, 71, 78, 90, 91, 92, 94, 95, 96, 98, 99, 108, 110, 111, 113, 114, 115, 127, 130, 131, 133, 143, 145, 146, 147, 161, 164, 165, 168, 169, 172, 173, 175, 178, 179, 182, 183, 184, 186, 187, 212, 213, 214, 216, 217, 224, 225, 227, 228, 229, 248, 251, 253, 265, 266, 268, 281, 284, 285, 286, 287, 288, 300, 301, 303, 304, 305, 307, 308, 318, 325, 329, 330, 333, 337, 348, 349, 350, 352], "summary": {"covered_lines": 98, "num_statements": 119, "percent_covered": 82.3529411764706, "percent_covered_display": "82", "missing_lines": 21, "excluded_lines": 0}, "missing_lines": [52, 53, 54, 72, 73, 74, 128, 162, 189, 190, 191, 249, 282, 289, 290, 291, 319, 320, 321, 326, 331], "excluded_lines": []}, "": {"executed_lines": [1, 8, 9, 10, 11, 13, 14, 15, 16, 17, 18, 24, 27, 28, 35, 76, 80, 117, 149, 193, 231, 270, 293, 323, 335, 356, 359, 367, 368, 369], "summary": {"covered_lines": 28, "num_statements": 32, "percent_covered": 87.5, "percent_covered_display": "88", "missing_lines": 4, "excluded_lines": 0}, "missing_lines": [19, 20, 21, 22], "excluded_lines": []}}}, "plugins/notion.py": {"executed_lines": [1, 8, 9, 10, 11, 13, 14, 15, 20, 23, 24, 31, 39, 41, 42, 43, 44, 46, 51, 52, 53, 54, 55, 57, 58, 59, 60, 61, 63, 64, 66, 67, 72, 74, 76, 86, 90, 91, 92, 94, 96, 97, 100, 101, 102, 103, 106, 109, 111, 120, 129, 131, 137, 147, 148, 149, 151, 152, 153, 155, 157, 159, 161, 162, 163, 168, 169, 171, 177, 187, 188, 190, 192, 206, 207, 209, 210, 212, 214, 230, 231, 237, 239, 240, 242, 245, 247, 249, 250, 264, 274, 280, 286, 287, 289, 290, 291, 294, 295, 296, 299, 300, 307, 308, 315, 316, 325, 326, 335, 336, 337, 338, 339, 340, 342, 343, 354, 362, 364, 366, 368, 369, 379, 385, 387, 389, 390, 400, 406, 410, 413, 421, 422, 423], "summary": {"covered_lines": 132, "num_statements": 170, "percent_covered": 77.6470588235294, "percent_covered_display": "78", "missing_lines": 38, "excluded_lines": 0},